exposure,beta_XM,se_XM,p.value,beta_std,mediator,Category2,Abbreviation,p_fdr,p_fdr_category
CD276,0.0925295447492431,0.00188981770186725,0,0.206327503214233,Cystatin.C,Inflammation,Cystatin.C,0,0
CD276,0.0925295447492431,0.00188981770186725,0,0.206327503214233,Cystatin.C,Inflammation,Cystatin.C,0,0
CD276,1.80740881302751,0.471393413686466,0.000126139958637931,0.0175595541741843,Gamma.glutamyltransferase,Renal/Liver function,GGT,0.000151367950365517,0.000148886508556247
CD276,1.80740881302751,0.471393413686466,0.000126139958637931,0.0175595541741843,Gamma.glutamyltransferase,Renal/Liver function,GGT,0.000151367950365517,0.000148886508556247
CD276,0.00143107455444974,0.000421886468222144,0.00069454451815183,0.0204369806490469,Acetate,Glycolysis related metabolites,Acetate,0.000819790250933307,0.000845532456880488
CD276,0.00143107455444974,0.000421886468222144,0.00069454451815183,0.0204369806490469,Acetate,Glycolysis related metabolites,Acetate,0.000819790250933307,0.000845532456880488
CD276,0.0188340305930985,0.0058129990742673,0.0011961447119077,0.0148323250781342,Platelet.distribution.width,Inflammation,Platelet.distribution.width,0.00140953223007126,0.00172608224249971
CD276,0.0188340305930985,0.0058129990742673,0.0011961447119077,0.0148323250781342,Platelet.distribution.width,Inflammation,Platelet.distribution.width,0.00140953223007126,0.00172608224249971
CD276,-0.09831841,0.0318443573025849,0.00201995068501547,-0.006664935,Testosterone,Endocrine,Testosterone,0.00236482031416445,0.00255151665475638
CD276,-0.09831841,0.0318443573025849,0.00201995068501547,-0.006664935,Testosterone,Endocrine,Testosterone,0.00236482031416445,0.00255151665475638
CD276,0.00692629321853738,0.00227041908280753,0.00228453858833482,0.0138120160452262,Monocyte.count,Inflammation,Monocyte.count,0.0026702399084433,0.00321527653173049
CD276,0.00692629321853738,0.00227041908280753,0.00228453858833482,0.0138120160452262,Monocyte.count,Inflammation,Monocyte.count,0.0026702399084433,0.00321527653173049
CD276,-0.00984706,0.00329686128985944,0.00282147939933757,-0.016582303,Apolipoprotein A1,Lipoprotein,Apolipoprotein A1,0.00328716046524766,0.00295583556121079
CD276,-0.00984706,0.00329686128985944,0.00282147939933757,-0.016582303,Apolipoprotein A1,Lipoprotein,Apolipoprotein A1,0.00328716046524766,0.00295583556121079
CD276,-0.009148662,0.00308931567252184,0.00306500880128459,-0.016769398,Ratio of triglycerides to phosphoglycerides,Triglycerides&Fatty acid,TG/PLs,0.00355363339279373,0.0035028672014681
CD276,-0.009148662,0.00308931567252184,0.00306500880128459,-0.016769398,Ratio of triglycerides to phosphoglycerides,Triglycerides&Fatty acid,TG/PLs,0.00355363339279373,0.0035028672014681
CD276,0.148404857688957,0.0501295473902389,0.00307360923193852,0.0137300143584328,C.reactive.protein,Inflammation,C.reactive.protein,0.00355787563825681,0.00427306649318282
CD276,0.148404857688957,0.0501295473902389,0.00307360923193852,0.0137300143584328,C.reactive.protein,Inflammation,C.reactive.protein,0.00355787563825681,0.00427306649318282
CD276,0.00361125641111115,0.0012261401926314,0.00322975341170972,0.0177193498368128,Glutamine,Amino acids,Glutamine,0.00373262031529855,0.00373971447671651
CD276,0.00361125641111115,0.0012261401926314,0.00322975341170972,0.0177193498368128,Glutamine,Amino acids,Glutamine,0.00373262031529855,0.00373971447671651
CD276,-0.149872468,0.0526064643327453,0.00438961230838865,-0.016578468,Ratio of polyunsaturated fatty acids to total fatty acids,Triglycerides&Fatty acid,PUFA/Total FA,0.00505683337926373,0.00497719820793674
CD276,-0.149872468,0.0526064643327453,0.00438961230838865,-0.016578468,Ratio of polyunsaturated fatty acids to total fatty acids,Triglycerides&Fatty acid,PUFA/Total FA,0.00505683337926373,0.00497719820793674
CD276,0.00158241720266336,0.000566909820087197,0.00525163148593307,0.0128573209165438,Basophill.count,Inflammation,Basophill.count,0.00604021512759075,0.00712721415948059
CD276,0.00158241720266336,0.000566909820087197,0.00525163148593307,0.0128573209165438,Basophill.count,Inflammation,Basophill.count,0.00604021512759075,0.00712721415948059
CD276,0.265885976538026,0.0965071997420456,0.00586974517805357,0.0126799484370244,Neutrophill.percentage,Inflammation,Neutrophill.percentage,0.00670828020348979,0.0078723641211542
CD276,0.265885976538026,0.0965071997420456,0.00586974517805357,0.0126799484370244,Neutrophill.percentage,Inflammation,Neutrophill.percentage,0.00670828020348979,0.0078723641211542
CD276,0.00263319238970206,0.000962890549722513,0.00624793466744289,0.0147838268651943,Free cholesterol in HDL,Cholesterol,HDL-FC,0.00712918060310441,0.00656999315545541
CD276,0.00263319238970206,0.000962890549722513,0.00624793466744289,0.0147838268651943,Free cholesterol in HDL,Cholesterol,HDL-FC,0.00712918060310441,0.00656999315545541
CD276,31.3606979619786,11.5276392777747,0.00653296065594331,0.0293126335034767,Oestradiol,Endocrine,Oestradiol,0.00743085572239998,0.00783955278713197
CD276,31.3606979619786,11.5276392777747,0.00653296065594331,0.0293126335034767,Oestradiol,Endocrine,Oestradiol,0.00743085572239998,0.00783955278713197
CD276,0.0954543970705315,0.0370287623612078,0.00994669208115242,0.0148432678405582,Ratio of monounsaturated fatty acids to total fatty acids,Triglycerides&Fatty acid,MUFA/Total FA,0.0111900285912965,0.0110178743052765
CD276,0.0954543970705315,0.0370287623612078,0.00994669208115242,0.0148432678405582,Ratio of monounsaturated fatty acids to total fatty acids,Triglycerides&Fatty acid,MUFA/Total FA,0.0111900285912965,0.0110178743052765
CD276,0.000430925840809496,0.000176027279518138,0.0143684624391567,0.0147078004014373,Acetoacetate,Glycolysis related metabolites,Acetoacetate,0.0160641194971938,0.0163101465525562
CD276,0.000430925840809496,0.000176027279518138,0.0143684624391567,0.0147078004014373,Acetoacetate,Glycolysis related metabolites,Acetoacetate,0.0160641194971938,0.0163101465525562
CD276,0.112638474745453,0.0487191718901867,0.0207821159938657,0.0104447654260581,Total.bilirubin,Renal/Liver function,Total.bilirubin,0.0230556602705444,0.0226713992660353
CD276,0.112638474745453,0.0487191718901867,0.0207821159938657,0.0104447654260581,Total.bilirubin,Renal/Liver function,Total.bilirubin,0.0230556602705444,0.0226713992660353
CD276,-0.000599868,0.000260299968995634,0.0212001532388701,-0.013638611,Isoleucine,Amino acids,Isoleucine,0.0234832466645946,0.0241243123063005
CD276,-0.000599868,0.000260299968995634,0.0212001532388701,-0.013638611,Isoleucine,Amino acids,Isoleucine,0.0234832466645946,0.0241243123063005
CD276,-0.010857934,0.00475419189268931,0.0223865448095882,-0.013182189,Ratio of polyunsaturated fatty acids to monounsaturated fatty acids,Triglycerides&Fatty acid,PUFA/MUFA,0.0247593122318027,0.0244216852468235
CD276,-0.010857934,0.00475419189268931,0.0223865448095882,-0.013182189,Ratio of polyunsaturated fatty acids to monounsaturated fatty acids,Triglycerides&Fatty acid,PUFA/MUFA,0.0247593122318027,0.0244216852468235
CD276,0.0349502920076781,0.0159175253372354,0.0281172159172632,0.0100673550236648,Neutrophill.count,Inflammation,Neutrophill.count,0.0309074739853886,0.0337406591007159
CD276,0.0349502920076781,0.0159175253372354,0.0281172159172632,0.0100673550236648,Neutrophill.count,Inflammation,Neutrophill.count,0.0309074739853886,0.0337406591007159
CD276,-0.000341289,0.000164309755946589,0.0378004936236215,-0.012443728,Histidine,Amino acids,Histidine,0.0412369021348598,0.0422852979518478
CD276,-0.000341289,0.000164309755946589,0.0378004936236215,-0.012443728,Histidine,Amino acids,Histidine,0.0412369021348598,0.0422852979518478
CD276,0.000161033973722713,8.05731411266163e-05,0.0456601754114478,0.0120200313714735,Acetone,Glycolysis related metabolites,Acetone,0.0497357432620914,0.0498111004488521
CD276,0.000161033973722713,8.05731411266163e-05,0.0456601754114478,0.0120200313714735,Acetone,Glycolysis related metabolites,Acetone,0.0497357432620914,0.0498111004488521
CD276,-0.14537683,0.00879698094974178,4.51602412918567e-61,-0.098416364,Total lipids in LDL,Lipoprotein,LDL-TL,1.00979421522164e-60,7.0966093458632e-61
CD276,-0.14537683,0.00879698094974178,4.51602412918567e-61,-0.098416364,Total lipids in LDL,Lipoprotein,LDL-TL,1.00979421522164e-60,7.0966093458632e-61
CD276,-0.00709212,0.00122820270479157,7.80098681549771e-09,-0.03379415,Total concentration of branched-chain amino acids (leucine + isoleucine + valine),Amino acids,Total Branched-Chain Amino Acids,1.0120199111997e-08,1.14414473293966e-08
CD276,-0.00709212,0.00122820270479157,7.80098681549771e-09,-0.03379415,Total concentration of branched-chain amino acids (leucine + isoleucine + valine),Amino acids,Total Branched-Chain Amino Acids,1.0120199111997e-08,1.14414473293966e-08
CD276,-0.02404777,0.00238200022376183,6.31933608532996e-24,-0.059945938,Ratio of apolipoprotein B to apolipoprotein A1,Lipoprotein,ApoB/ApoA1,1.02245437785114e-23,8.0206958006111e-24
CD276,-0.02404777,0.00238200022376183,6.31933608532996e-24,-0.059945938,Ratio of apolipoprotein B to apolipoprotein A1,Lipoprotein,ApoB/ApoA1,1.02245437785114e-23,8.0206958006111e-24
CD276,-0.009608977,0.000998983505881715,7.17674145490784e-22,-0.054136453,Sphingomyelins,Phospholipids,Sphingomyelins,1.13069011981043e-21,8.83291255988657e-22
CD276,-0.009608977,0.000998983505881715,7.17674145490784e-22,-0.054136453,Sphingomyelins,Phospholipids,Sphingomyelins,1.13069011981043e-21,8.83291255988657e-22
CD276,-0.065071615,0.00660809679211734,7.64145699510724e-23,-0.056154149,Total phospholipids in lipoprotein particles,Phospholipids,Lipoprotein Particles-Total PLs,1.21992218103708e-22,9.65236673066178e-23
CD276,-0.065071615,0.00660809679211734,7.64145699510724e-23,-0.056154149,Total phospholipids in lipoprotein particles,Phospholipids,Lipoprotein Particles-Total PLs,1.21992218103708e-22,9.65236673066178e-23
CD276,-0.002763883,0.000404913902165041,8.91004449625215e-12,-0.039651175,Leucine,Amino acids,Leucine,1.22428092314915e-11,1.58935928852065e-11
CD276,-0.002763883,0.000404913902165041,8.91004449625215e-12,-0.039651175,Leucine,Amino acids,Leucine,1.22428092314915e-11,1.58935928852065e-11
CD276,-0.581096421,0.0486147343039129,7.01959670286054e-33,-0.057566996,Total.protein,Renal/Liver function,Total.protein,1.24179597691882e-32,1.2635274065149e-32
CD276,-0.581096421,0.0486147343039129,7.01959670286054e-33,-0.057566996,Total.protein,Renal/Liver function,Total.protein,1.24179597691882e-32,1.2635274065149e-32
CD276,-0.462323487,0.0307544362648956,5.96619432596024e-51,-0.071596839,Albumin1,Renal/Liver function,Albumin1,1.25237898387503e-50,1.26342938667393e-50
CD276,-0.462323487,0.0307544362648956,5.96619432596024e-51,-0.071596839,Albumin1,Renal/Liver function,Albumin1,1.25237898387503e-50,1.26342938667393e-50
CD276,-0.015651144,0.00155397854208372,8.05833167447788e-24,-0.060218899,Free cholesterol in VLDL,Cholesterol,VLDL-FC,1.29798630998301e-23,8.65210348207099e-24
CD276,-0.015651144,0.00155397854208372,8.05833167447788e-24,-0.060218899,Free cholesterol in VLDL,Cholesterol,VLDL-FC,1.29798630998301e-23,8.65210348207099e-24
CD276,-0.007139506,0.00110336684031913,9.85824729441088e-11,-0.031346826,Calcium,Glycolysis related metabolites,Calcium,1.33923359471242e-10,1.33563350440405e-10
CD276,-0.007139506,0.00110336684031913,9.85824729441088e-11,-0.031346826,Calcium,Glycolysis related metabolites,Calcium,1.33923359471242e-10,1.33563350440405e-10
CD276,1.52203493435708,0.0772707592494261,4.9184186680159e-86,0.0890549780818743,Glycated.haemoglobin..HbA1c.,Glycolysis related metabolites,Glycated.haemoglobin..HbA1c.,1.36202363114287e-85,2.75431445408891e-85
CD276,1.52203493435708,0.0772707592494261,4.9184186680159e-86,0.0890549780818743,Glycated.haemoglobin..HbA1c.,Glycolysis related metabolites,Glycated.haemoglobin..HbA1c.,1.36202363114287e-85,2.75431445408891e-85
CD276,0.0094363250708512,0.000897511484065004,8.2868610267388e-26,0.0597053986253612,Glycine,Amino acids,Glycine,1.37161837683953e-25,2.27888678235317e-25
CD276,0.0094363250708512,0.000897511484065004,8.2868610267388e-26,0.0597053986253612,Glycine,Amino acids,Glycine,1.37161837683953e-25,2.27888678235317e-25
CD276,4.8219583940865,0.294906911617161,6.19769638305781e-60,0.074584332237218,Alkaline.phosphatase,Renal/Liver function,ALP,1.38152984390143e-59,1.35222466539443e-59
CD276,4.8219583940865,0.294906911617161,6.19769638305781e-60,0.074584332237218,Alkaline.phosphatase,Renal/Liver function,ALP,1.38152984390143e-59,1.35222466539443e-59
CD276,-0.160346376,0.0115238719895378,7.14991924345087e-44,-0.081252341,Polyunsaturated fatty acids,Triglycerides&Fatty acid,Polyunsaturated FA,1.39510619384407e-43,1.35472154086438e-43
CD276,-0.160346376,0.0115238719895378,7.14991924345087e-44,-0.081252341,Polyunsaturated fatty acids,Triglycerides&Fatty acid,Polyunsaturated FA,1.39510619384407e-43,1.35472154086438e-43
CD276,-0.216372191,0.0128005569187515,6.46124833764545e-64,-0.076968437,Cholesterol1,Cholesterol,Cholesterol1,1.50553359323777e-63,8.23809163049795e-64
CD276,-0.216372191,0.0128005569187515,6.46124833764545e-64,-0.076968437,Cholesterol1,Cholesterol,Cholesterol1,1.50553359323777e-63,8.23809163049795e-64
CD276,-0.087983099,0.00995458510699435,1.0235305236351e-18,-0.052377467,Linoleic acid,Triglycerides&Fatty acid,Linoleic Acid,1.56796165322824e-18,1.44498426866132e-18
CD276,-0.087983099,0.00995458510699435,1.0235305236351e-18,-0.052377467,Linoleic acid,Triglycerides&Fatty acid,Linoleic Acid,1.56796165322824e-18,1.44498426866132e-18
CD276,1.20481909107563,0.122768176998055,1.03105792112157e-22,0.0451726941358832,Aspartate.aminotransferase,Renal/Liver function,AST,1.64239314868923e-22,1.64969267379451e-22
CD276,1.20481909107563,0.122768176998055,1.03105792112157e-22,0.0451726941358832,Aspartate.aminotransferase,Renal/Liver function,AST,1.64239314868923e-22,1.64969267379451e-22
CD276,0.380545661438831,0.0626786579245601,1.27755331951766e-09,0.0273256472531348,IGF.1,Glycolysis related metabolites,IGF.1,1.69087939347926e-09,1.70340442602355e-09
CD276,0.380545661438831,0.0626786579245601,1.27755331951766e-09,0.0273256472531348,IGF.1,Glycolysis related metabolites,IGF.1,1.69087939347926e-09,1.70340442602355e-09
CD276,-0.012858552,0.00296251835824492,1.42528428084574e-05,-0.019458802,Apolipoprotein.A1,Lipoprotein,Apolipoprotein.A1,1.74228299186575e-05,1.59438580569184e-05
CD276,-0.012858552,0.00296251835824492,1.42528428084574e-05,-0.019458802,Apolipoprotein.A1,Lipoprotein,Apolipoprotein.A1,1.74228299186575e-05,1.59438580569184e-05
CD276,-0.012249041,0.00112210150957595,1.09061202027372e-27,-0.062520884,Degree of unsaturation,Triglycerides&Fatty acid,Degree of Unsaturation,1.8261410572025e-27,1.65313822020437e-27
CD276,-0.012249041,0.00112210150957595,1.09061202027372e-27,-0.062520884,Degree of unsaturation,Triglycerides&Fatty acid,Degree of Unsaturation,1.8261410572025e-27,1.65313822020437e-27
CD276,-0.00371211,0.000612786911956833,1.39713386819085e-09,-0.035566328,Valine,Amino acids,Valine,1.84575483504113e-09,2.19549607858563e-09
CD276,-0.00371211,0.000612786911956833,1.39713386819085e-09,-0.035566328,Valine,Amino acids,Valine,1.84575483504113e-09,2.19549607858563e-09
CD276,-0.340709504,0.0347700062376441,1.23224309280859e-22,-0.058354993,Total fatty acids,Triglycerides&Fatty acid,Total FA,1.95853206804014e-22,1.79235358953976e-22
CD276,-0.340709504,0.0347700062376441,1.23224309280859e-22,-0.058354993,Total fatty acids,Triglycerides&Fatty acid,Total FA,1.95853206804014e-22,1.79235358953976e-22
CD276,0.325873492979302,0.0163646194947513,6.97445750546246e-88,0.088606573824141,Urea,Renal/Liver function,Urea,1.98482585135691e-87,1.73158944963206e-87
CD276,0.325873492979302,0.0163646194947513,6.97445750546246e-88,0.088606573824141,Urea,Renal/Liver function,Urea,1.98482585135691e-87,1.73158944963206e-87
CD276,-0.045371961,0.00312052964769154,9.92838553255488e-48,-0.084216966,Omega-3 fatty acids,Triglycerides&Fatty acid,Omega-3 FA,2.00798808523582e-47,1.9584760502574e-47
CD276,-0.045371961,0.00312052964769154,9.92838553255488e-48,-0.084216966,Omega-3 fatty acids,Triglycerides&Fatty acid,Omega-3 FA,2.00798808523582e-47,1.9584760502574e-47
CD276,-0.250403592,0.0217313922565253,1.18043564003556e-30,-0.066999748,Ratio of omega-3 fatty acids to total fatty acids,Triglycerides&Fatty acid,Omega-3 FA/Total FA,2.04798472488097e-30,1.90991833893394e-30
CD276,-0.250403592,0.0217313922565253,1.18043564003556e-30,-0.066999748,Ratio of omega-3 fatty acids to total fatty acids,Triglycerides&Fatty acid,Omega-3 FA/Total FA,2.04798472488097e-30,1.90991833893394e-30
CD276,-0.046522974,0.00689734261544337,1.55797819987983e-11,-0.039635881,Triglycerides in VLDL,Triglycerides&Fatty acid,VLDL-TG,2.13259373367581e-11,1.98538814851943e-11
CD276,-0.046522974,0.00689734261544337,1.55797819987983e-11,-0.039635881,Triglycerides in VLDL,Triglycerides&Fatty acid,VLDL-TG,2.13259373367581e-11,1.98538814851943e-11
CD276,0.0152625066838833,0.00185150015195436,1.72002257397666e-16,0.0389948700148171,Phosphate,Glycolysis related metabolites,Phosphate,2.53254857518036e-16,2.81320671304992e-16
CD276,0.0152625066838833,0.00185150015195436,1.72002257397666e-16,0.0389948700148171,Phosphate,Glycolysis related metabolites,Phosphate,2.53254857518036e-16,2.81320671304992e-16
CD276,0.23957479420601,0.0150825590890701,1.16448555373965e-56,0.0764353757753714,Glucose1,Glycolysis related metabolites,Glucose1,2.54069575361378e-56,4.07569943808877e-56
CD276,0.23957479420601,0.0150825590890701,1.16448555373965e-56,0.0764353757753714,Glucose1,Glycolysis related metabolites,Glucose1,2.54069575361378e-56,4.07569943808877e-56
CD276,-0.027491787,0.00176229887761796,1.20673595454705e-54,-0.092259347,Free cholesterol in LDL,Cholesterol,LDL-FC,2.60134696788585e-54,1.44808314545646e-54
CD276,-0.027491787,0.00176229887761796,1.20673595454705e-54,-0.092259347,Free cholesterol in LDL,Cholesterol,LDL-FC,2.60134696788585e-54,1.44808314545646e-54
CD276,-0.058378666,0.0112531460447404,2.13681891274089e-07,-0.023612756,Triglycerides1,Triglycerides&Fatty acid,Triglycerides1,2.68500805789431e-07,2.50164165394056e-07
CD276,-0.058378666,0.0112531460447404,2.13681891274089e-07,-0.023612756,Triglycerides1,Triglycerides&Fatty acid,Triglycerides1,2.68500805789431e-07,2.50164165394056e-07
CD276,0.00490563513942524,0.000206251972750217,7.63183799040875e-124,0.127841226538302,Creatinine,Renal/Liver function,Creatinine,2.69358987896779e-123,2.389097110041e-123
CD276,0.00490563513942524,0.000206251972750217,7.63183799040875e-124,0.127841226538302,Creatinine,Renal/Liver function,Creatinine,2.69358987896779e-123,2.389097110041e-123
CD276,-0.006930227,0.000526275844102401,1.55320818069742e-39,-0.058197243,Platelet.crit,Inflammation,Platelet.crit,2.88968963850682e-39,4.65962454209225e-39
CD276,-0.006930227,0.000526275844102401,1.55320818069742e-39,-0.058197243,Platelet.crit,Inflammation,Platelet.crit,2.88968963850682e-39,4.65962454209225e-39
CD276,-0.127042398,0.00964490745922207,1.64661217403385e-39,-0.075989518,Total esterified cholesterol,Cholesterol,Total CE,3.05556898274323e-39,1.93051082472934e-39
CD276,-0.127042398,0.00964490745922207,1.64661217403385e-39,-0.075989518,Total esterified cholesterol,Cholesterol,Total CE,3.05556898274323e-39,1.93051082472934e-39
CD276,-0.047018833,0.00553486009570139,2.07072875562734e-17,-0.048227505,Phosphoglycerides,Phospholipids,Phosphoglycerides,3.08042294225555e-17,2.25897682432074e-17
CD276,-0.047018833,0.00553486009570139,2.07072875562734e-17,-0.048227505,Phosphoglycerides,Phospholipids,Phosphoglycerides,3.08042294225555e-17,2.25897682432074e-17
CD276,-0.109566541,0.0138049703087692,2.14898327827031e-15,-0.047295611,Saturated fatty acids,Triglycerides&Fatty acid,Saturated FA,3.1069637758125e-15,2.89208964552266e-15
CD276,-0.109566541,0.0138049703087692,2.14898327827031e-15,-0.047295611,Saturated fatty acids,Triglycerides&Fatty acid,Saturated FA,3.1069637758125e-15,2.89208964552266e-15
CD276,5.10846349939339,0.303004259165016,1.41249814100807e-63,0.0753033176804746,SHBG,Endocrine,SHBG,3.28064084363165e-63,1.12999851280646e-62
CD276,5.10846349939339,0.303004259165016,1.41249814100807e-63,0.0753033176804746,SHBG,Endocrine,SHBG,3.28064084363165e-63,1.12999851280646e-62
CD276,-0.114974138,0.00984437786376637,1.91163328732024e-31,-0.068697263,Omega-6 fatty acids,Triglycerides&Fatty acid,Omega-6 FA,3.32457963012216e-31,3.12812719743313e-31
CD276,-0.114974138,0.00984437786376637,1.91163328732024e-31,-0.068697263,Omega-6 fatty acids,Triglycerides&Fatty acid,Omega-6 FA,3.32457963012216e-31,3.12812719743313e-31
CD276,0.00860297059009828,0.00154916034169407,2.81738722455487e-08,0.025600855096509,Eosinophill.count,Inflammation,Eosinophill.count,3.60946405992795e-08,5.01847099373837e-08
CD276,0.00860297059009828,0.00154916034169407,2.81738722455487e-08,0.025600855096509,Eosinophill.count,Inflammation,Eosinophill.count,3.60946405992795e-08,5.01847099373837e-08
CD276,0.0969803200680725,0.0207530318789728,2.97511661620089e-06,0.0215364052052805,Eosinophill.percentage,Inflammation,Eosinophill.percentage,3.68689150372572e-06,4.9154100615493e-06
CD276,0.0969803200680725,0.0207530318789728,2.97511661620089e-06,0.0215364052052805,Eosinophill.percentage,Inflammation,Eosinophill.percentage,3.68689150372572e-06,4.9154100615493e-06
CD276,-0.070793254,0.0119165176657305,2.8688145319449e-09,-0.035445682,Monounsaturated fatty acids,Triglycerides&Fatty acid,Monounsaturated FA,3.7761361297995e-09,3.50092620847513e-09
CD276,-0.070793254,0.0119165176657305,2.8688145319449e-09,-0.035445682,Monounsaturated fatty acids,Triglycerides&Fatty acid,Monounsaturated FA,3.7761361297995e-09,3.50092620847513e-09
CD276,0.254473959093602,0.0179552058471438,1.90992354643055e-45,0.0843490387477147,Glucose-lactate,Glycolysis related metabolites,Glucose-lactate,3.77787075118131e-45,5.34778593000554e-45
CD276,0.254473959093602,0.0179552058471438,1.90992354643055e-45,0.0843490387477147,Glucose-lactate,Glycolysis related metabolites,Glucose-lactate,3.77787075118131e-45,5.34778593000554e-45
CD276,-0.074735886,0.00944864976095996,2.67037191208407e-15,-0.046115495,Ratio of docosahexaenoic acid to total fatty acids,Triglycerides&Fatty acid,DHA/Total FA,3.85304163667441e-15,3.56049588277876e-15
CD276,-0.074735886,0.00944864976095996,2.67037191208407e-15,-0.046115495,Ratio of docosahexaenoic acid to total fatty acids,Triglycerides&Fatty acid,DHA/Total FA,3.85304163667441e-15,3.56049588277876e-15
CD276,-0.079872242,0.00473647592128152,1.66884332744547e-63,-0.100472256,Cholesteryl esters in LDL,Cholesterol,LDL-CE,3.8635601149863e-63,2.10150641233874e-63
CD276,-0.079872242,0.00473647592128152,1.66884332744547e-63,-0.100472256,Cholesteryl esters in LDL,Cholesterol,LDL-CE,3.8635601149863e-63,2.10150641233874e-63
CD276,1.41738131192092,0.238927582772439,3.00886767468703e-09,0.0276898565692668,Vitamin.D,Endocrine,Vitamin.D,3.94605596680266e-09,4.24781318779345e-09
CD276,1.41738131192092,0.238927582772439,3.00886767468703e-09,0.0276898565692668,Vitamin.D,Endocrine,Vitamin.D,3.94605596680266e-09,4.24781318779345e-09
CD276,-8.86990627,0.649475918525918,2.18689177038338e-42,-0.061248295,Platelet.count,Inflammation,Platelet.count,4.13270885741741e-42,7.12301890924873e-42
CD276,-8.86990627,0.649475918525918,2.18689177038338e-42,-0.061248295,Platelet.count,Inflammation,Platelet.count,4.13270885741741e-42,7.12301890924873e-42
CD276,-0.037406783,0.00359423908841302,2.53787967315625e-25,-0.062401171,VLDL cholesterol,Cholesterol,VLDL-C,4.18140358048627e-25,2.78348093184879e-25
CD276,-0.037406783,0.00359423908841302,2.53787967315625e-25,-0.062401171,VLDL cholesterol,Cholesterol,VLDL-C,4.18140358048627e-25,2.78348093184879e-25
CD276,-0.003049192,0.000597841094816461,3.41151239190193e-07,-0.030439734,Triglycerides in LDL,Triglycerides&Fatty acid,LDL-TG,4.27180682116416e-07,3.93006227547103e-07
CD276,-0.003049192,0.000597841094816461,3.41151239190193e-07,-0.030439734,Triglycerides in LDL,Triglycerides&Fatty acid,LDL-TG,4.27180682116416e-07,3.93006227547103e-07
CD276,-0.07174752,0.00605279742254091,2.44218961405506e-32,-0.070388972,"Remnant cholesterol (non-HDL, non-LDL -cholesterol)",Cholesterol,Remnant C,4.28872322468206e-32,2.73739934762216e-32
CD276,-0.07174752,0.00605279742254091,2.44218961405506e-32,-0.070388972,"Remnant cholesterol (non-HDL, non-LDL -cholesterol)",Cholesterol,Remnant C,4.28872322468206e-32,2.73739934762216e-32
CD276,-0.021755599,0.00209126574327777,2.65604549219648e-25,-0.062362298,Cholesteryl esters in VLDL,Cholesterol,VLDL-CE,4.36610217895311e-25,2.88209191706426e-25
CD276,-0.021755599,0.00209126574327777,2.65604549219648e-25,-0.062362298,Cholesteryl esters in VLDL,Cholesterol,VLDL-CE,4.36610217895311e-25,2.88209191706426e-25
CD276,-0.174233447,0.0134401816297556,2.50597495630587e-38,-0.075042157,Total cholesterol,Cholesterol,TC,4.56785308491196e-38,2.90465279026362e-38
CD276,-0.174233447,0.0134401816297556,2.50597495630587e-38,-0.075042157,Total cholesterol,Cholesterol,TC,4.56785308491196e-38,2.90465279026362e-38
CD276,-0.107924437,0.012383630392793,3.05498949457901e-18,-0.051758785,Total lipids in VLDL,Lipoprotein,VLDL-TL,4.63072091809872e-18,3.80432654041915e-18
CD276,-0.107924437,0.012383630392793,3.05498949457901e-18,-0.051758785,Total lipids in VLDL,Lipoprotein,VLDL-TL,4.63072091809872e-18,3.80432654041915e-18
CD276,0.000782547117891175,0.000169252711920666,3.78844730583767e-06,0.0278050125058085,Phenylalanine,Amino acids,Phenylalanine,4.68673893505691e-06,5.2091150455268e-06
CD276,0.000782547117891175,0.000169252711920666,3.78844730583767e-06,0.0278050125058085,Phenylalanine,Amino acids,Phenylalanine,4.68673893505691e-06,5.2091150455268e-06
CD276,0.00273993752944204,0.000191343816353712,2.36950856263528e-46,0.0841804790115211,Citrate,Glycolysis related metabolites,Citrate,4.72588965400943e-46,6.86340411246082e-46
CD276,0.00273993752944204,0.000191343816353712,2.36950856263528e-46,0.0841804790115211,Citrate,Glycolysis related metabolites,Citrate,4.72588965400943e-46,6.86340411246082e-46
CD276,-0.180125487,0.0098497361417775,1.85286875787991e-74,-0.08451842,LDL.direct,Lipoprotein,LDL.direct,4.76451966311976e-74,3.30511724378578e-74
CD276,-0.180125487,0.0098497361417775,1.85286875787991e-74,-0.08451842,LDL.direct,Lipoprotein,LDL.direct,4.76451966311976e-74,3.30511724378578e-74
CD276,-0.039172687,0.00517138848158404,3.69991998495605e-14,-0.042628268,Phosphatidylcholines,Phospholipids,Phosphatidylcholines,5.27513344389773e-14,3.94658131728645e-14
CD276,-0.039172687,0.00517138848158404,3.69991998495605e-14,-0.042628268,Phosphatidylcholines,Phospholipids,Phosphatidylcholines,5.27513344389773e-14,3.94658131728645e-14
CD276,5.53513676192712,0.176511755966513,9.91788282590589e-214,0.126378515774925,Creatinine1,Renal/Liver function,Creatinine1,5.36907942455056e-213,3.96715313036236e-213
CD276,5.53513676192712,0.176511755966513,9.91788282590589e-214,0.126378515774925,Creatinine1,Renal/Liver function,Creatinine1,5.36907942455056e-213,3.96715313036236e-213
CD276,-0.038511542,0.00293516151170362,3.22789654709715e-39,-0.078447466,Apolipoprotein B,Lipoprotein,Apolipoprotein B,5.9439527209973e-39,4.53279089592365e-39
CD276,-0.038511542,0.00293516151170362,3.22789654709715e-39,-0.078447466,Apolipoprotein B,Lipoprotein,Apolipoprotein B,5.9439527209973e-39,4.53279089592365e-39
CD276,-0.04935852,0.00568994198699426,4.35635849237828e-18,-0.048933554,Total cholines,Phospholipids,Total Cholines,6.57563546019364e-18,4.86291180544553e-18
CD276,-0.04935852,0.00568994198699426,4.35635849237828e-18,-0.048933554,Total cholines,Phospholipids,Total Cholines,6.57563546019364e-18,4.86291180544553e-18
CD276,-0.1791113,0.0122574671545075,3.45433866998197e-48,-0.086825084,Total cholesterol minus HDL-C,Cholesterol,Non-HDL-C,7.06569273405402e-48,4.0970063295135e-48
CD276,-0.1791113,0.0122574671545075,3.45433866998197e-48,-0.086825084,Total cholesterol minus HDL-C,Cholesterol,Non-HDL-C,7.06569273405402e-48,4.0970063295135e-48
CD276,-0.016037972,0.00116276771648125,3.83192944689836e-43,-0.078985222,Docosahexaenoic acid,Triglycerides&Fatty acid,Docosahexaenoic Acid,7.35730453804485e-43,6.98478278928309e-43
CD276,-0.016037972,0.00116276771648125,3.83192944689836e-43,-0.078985222,Docosahexaenoic acid,Triglycerides&Fatty acid,Docosahexaenoic Acid,7.35730453804485e-43,6.98478278928309e-43
CD276,-0.107363018,0.00643495293255426,3.29340763406158e-62,-0.099233886,LDL cholesterol,Cholesterol,LDL-C,7.50396676115298e-62,4.09667778871075e-62
CD276,-0.107363018,0.00643495293255426,3.29340763406158e-62,-0.099233886,LDL cholesterol,Cholesterol,LDL-C,7.50396676115298e-62,4.09667778871075e-62
CD276,-0.023994676,0.00261555163221793,4.85381439271232e-20,-0.054734763,Phospholipids in VLDL,Phospholipids,VLDL-PLs,7.51558357581262e-20,5.68251441098027e-20
CD276,-0.023994676,0.00261555163221793,4.85381439271232e-20,-0.054734763,Phospholipids in VLDL,Phospholipids,VLDL-PLs,7.51558357581262e-20,5.68251441098027e-20
CD276,0.295415741922982,0.0175602592664531,3.2777536672091e-63,0.0999540355960036,Glucose,Glycolysis related metabolites,Glucose,7.53988064022541e-63,1.44911214760824e-62
CD276,0.295415741922982,0.0175602592664531,3.2777536672091e-63,0.0999540355960036,Glucose,Glycolysis related metabolites,Glucose,7.53988064022541e-63,1.44911214760824e-62
CD276,-0.366126041,0.0486781646310911,5.57553511292926e-14,-0.044764461,Albumin,Renal/Liver function,Albumin,7.90233323092336e-14,7.57431185152654e-14
CD276,-0.366126041,0.0486781646310911,5.57553511292926e-14,-0.044764461,Albumin,Renal/Liver function,Albumin,7.90233323092336e-14,7.57431185152654e-14
CD276,-0.047191147,0.00387322188440211,4.57327281622073e-34,-0.071175367,Total free cholesterol,Cholesterol,Total FC,8.1302627843924e-34,5.24127895791589e-34
CD276,-0.047191147,0.00387322188440211,4.57327281622073e-34,-0.071175367,Total free cholesterol,Cholesterol,Total FC,8.1302627843924e-34,5.24127895791589e-34
CD276,-0.109149975,0.0158540770856109,5.90894531943156e-12,-0.041349918,Lactate,Glycolysis related metabolites,Lactate,8.1502694061125e-12,8.27252344720419e-12
CD276,-0.109149975,0.0158540770856109,5.90894531943156e-12,-0.041349918,Lactate,Glycolysis related metabolites,Lactate,8.1502694061125e-12,8.27252344720419e-12
CD276,-0.290417656,0.0238395928543786,4.67452185229412e-34,-0.07173119,Total lipids in lipoprotein particles,Lipoprotein,Lipoprotein Particles-TL,8.28979244741814e-34,6.29629473982473e-34
CD276,-0.290417656,0.0238395928543786,4.67452185229412e-34,-0.07173119,Total lipids in lipoprotein particles,Lipoprotein,Lipoprotein Particles-TL,8.28979244741814e-34,6.29629473982473e-34
CD276,-0.420017378,0.0845210591029327,6.73898561567083e-07,-0.022665421,Lymphocyte.percentage,Inflammation,Lymphocyte.percentage,8.40913283064644e-07,1.16400660634314e-06
CD276,-0.420017378,0.0845210591029327,6.73898561567083e-07,-0.022665421,Lymphocyte.percentage,Inflammation,Lymphocyte.percentage,8.40913283064644e-07,1.16400660634314e-06
CD276,-0.051113719,0.00827796996381284,6.7169194256597e-10,-0.036462045,Total triglycerides,Triglycerides&Fatty acid,TG,8.95589256754626e-10,8.41075128082605e-10
CD276,-0.051113719,0.00827796996381284,6.7169194256597e-10,-0.036462045,Total triglycerides,Triglycerides&Fatty acid,TG,8.95589256754626e-10,8.41075128082605e-10
CD276,0.659806000162196,0.0625337839135267,5.58239130561795e-26,0.061959667413639,Ratio of omega-6 fatty acids to omega-3 fatty acids,Triglycerides&Fatty acid,Omega-6 FA/Omega-3 FA,9.28249824490745e-26,8.28726131968026e-26
CD276,0.659806000162196,0.0625337839135267,5.58239130561795e-26,0.061959667413639,Ratio of omega-6 fatty acids to omega-3 fatty acids,Triglycerides&Fatty acid,Omega-6 FA/Omega-3 FA,9.28249824490745e-26,8.28726131968026e-26
CD276,-0.056712906,0.00271843103182262,3.11300395036807e-96,-0.096974418,Apolipoprotein.B1,Lipoprotein,Apolipoprotein.B1,9.33901185110422e-96,6.04289002130273e-96
CD276,-0.056712906,0.00271843103182262,3.11300395036807e-96,-0.096974418,Apolipoprotein.B1,Lipoprotein,Apolipoprotein.B1,9.33901185110422e-96,6.04289002130273e-96
CD276,0.0942265020720794,0.0109173889887364,6.3013580978258e-18,0.0427849310426198,Direct.bilirubin,Renal/Liver function,Direct.bilirubin,9.47177000090726e-18,9.07395566086915e-18
CD276,0.0942265020720794,0.0109173889887364,6.3013580978258e-18,0.0427849310426198,Direct.bilirubin,Renal/Liver function,Direct.bilirubin,9.47177000090726e-18,9.07395566086915e-18
CD276,-0.172162802,0.010691829483179,4.35886781829452e-58,-0.095611892,Clinical LDL cholesterol,Cholesterol,Clinical LDL-C,9.62694732874863e-58,5.29291092221477e-58
CD276,-0.172162802,0.010691829483179,4.35886781829452e-58,-0.095611892,Clinical LDL cholesterol,Cholesterol,Clinical LDL-C,9.62694732874863e-58,5.29291092221477e-58
CD276,-0.034963794,0.00206325973001075,4.16076505367345e-64,-0.101001863,Phospholipids in LDL,Phospholipids,LDL-PLs,9.72646376183403e-64,6.24114758051017e-64
CD276,-0.034963794,0.00206325973001075,4.16076505367345e-64,-0.101001863,Phospholipids in LDL,Phospholipids,LDL-PLs,9.72646376183403e-64,6.24114758051017e-64
CD276,0.0542119040914253,0.012133599349726,7.91592531841425e-06,0.0206400985330569,Mean.platelet..thrombocyte..volume,Inflammation,Mean.platelet..thrombocyte..volume,9.74267731497139e-06,1.28916498042746e-05
CD276,0.0542119040914253,0.012133599349726,7.91592531841425e-06,0.0206400985330569,Mean.platelet..thrombocyte..volume,Inflammation,Mean.platelet..thrombocyte..volume,9.74267731497139e-06,1.28916498042746e-05
